Apellido,Nombre,Edad,Fecha,Email,Telefono
Alice,Contact 1,54,10/01/2014,contact.00@gmail.com,602030405
Pierre,Contact 2,39,07/06/2014,contact.01@gmail.com,602030406
Patrick,Contact 3,7,12/12/2013,contact.02@gmail.com,602030407
Lisa,Contact 4,4,08/07/2013,contact.03@gmail.com,602030408
Marion,Contact 5,88,06/05/2015,contact.04@hotmal.fr,602030409
Philippe,Contact 6,66,14/11/2013,contact.05@free.fr,602030410
Alice,Contact 6,17,09/11/2014,contact.05@free.fr,602030805
Valérie,Contact 7,14,10/04/2014,contact.06@hotmail.fr,602030411
Thomas,Contact 8,25,08/12/2014,contact.07@tiscali.fr,602030412
Yves,Contact 9,79,25/01/2014,contact.08@hotmail.com,602030413
Jean,Contact 10,16,03/11/2015,contact09@gmal.com,602030414
Lydie,Contact 21,53,07/01/2014,contact.10@tiscali.fr,602030425
Claudie,Contact 12,4,24/03/2014,contact.100@hotmail.fr,602030416
Robert,Contact 13,64,02/09/2014,contact.101@hotmail.fr,602030417
Hugues,Contact 14,30,15/03/2014,contact.102@hotmail.com,602030418
Nathalie,Contact 15,47,24/11/2014,contact.103@tiscali.fr,602030419
Cyril,Contact 16,26,02/12/2015,contact.104@wanadoo.fr,602030420
Nadia,Contact 17,85,05/11/2013,contact105@gmal.com,602030421
Rolande,Contact 18,17,11/12/2013,contact.106@hotmail.com,602030422
Sandrine,Contact 19,74,27/01/2015,contact.107@gmail.com,602030423
Elisabeth,Contact 20,5,02/05/2015,contact.108@wanadou.fr,602030424
Karine,Contact 22,90,06/08/2015,contact.109@wanadoo.fr,602030426
Valérie,Contact 32,74,25/07/2014,contact.11@gmal.com,602030436
Carole,Contact 23,3,24/06/2015,contact.110@free.fr,602030427
Eric,Contact 24,93,11/02/2013,contact.111@gmal.com,602030428
O’livier,Contact 25,92,03/05/2014,contact.112@gmail.com,602030429
Alice,Contact 26,28,17/08/2015,contact.113@wanadoo.fr,602030430
Pierre,Contact 27,78,10/07/2014,contact.114@hotmail.com,602030431
Patrick,Contact 28,2,13/11/2013,contact.115@hotmail.fr,602030432
Lisa,Contact 29,92,02/08/2015,contact.116@gmail.com,602030433
Marion,Contact 30,8,23/05/2013,contact.117@gmail.com,602030434
Philippe,Contact 31,50,17/10/2013,contact.118@tiscali.fr,602030435
Thomas,Contact 33,53,21/06/2014,contact.119@gmal.com,602030437
Rolande,Contact 43,10,08/08/2015,contact.12@gmal.com,602030447
Yves,Contact 34,82,08/04/2013,contact.120@gmail.com,602030438
Jean,Contact 35,74,15/03/2015,contact.121@tiscali.fr,602030439
Claude,Contact 36,83,04/01/2014,contact.122@tiscali.fr,602030440
Claudie,Contact 37,90,16/10/2015,contact.123@tiscali.fr,602030441
Robert,Contact 38,94,04/07/2015,contact.124@gmail.com,602030442
Hugues,Contact 39,28,01/03/2014,contact.125@gmail.com,602030443
Nathalie,Contact 40,89,27/10/2013,contact.126@hotmail.com,602030444
Cyril,Contact 41,92,03/01/2013,contact.127@hotmail.com,602030445
Nadia,Contact 42,92,05/05/2015,contact.128@gmail.com,602030446
Sandrine,Contact 44,34,24/02/2014,contact.129@gmail.com,602030448
Lisa,Contact 54,4,01/09/2013,contact.13@free.fr,602030458
Elisabeth,Contact 45,37,28/03/2015,contact.130@gmail.com,602030449
Lydie,Contact 46,95,28/07/2013,contact.131@free.fr,602030450
Karine,Contact 47,30,06/06/2014,contact.132@wanadoo.fr,602030451
Carole,Contact 48,81,15/10/2013,contact.133@wanadoo.fr,602030452
Eric,Contact 49,94,23/06/2013,contact.134@wanadoo.fr,602030453
Olivier,Contact 50,87,05/02/2015,contact.135@gmail.com,602030454
Alice,Contact 51,56,16/03/2013,contact.136@hotmail.com,602030455
Pierre,Contact 52,3,11/12/2015,contact.137@wanadoo.fr,602030456
Patrick,Contact 53,90,05/01/2014,contact.138@gmail.com,602030457
Marion,Contact 55,31,04/11/2015,contact.139@hotmail.com,602030459
Nathalie,Contact 65,88,13/08/2014,contact.14@wanadou.fr,602030469
Philippe,Contact 56,38,12/07/2015,contact.140@tele2.fr,602030460
Valérie,Contact 57,43,18/06/2014,contact.141@wanadou.fr,602030461
Thomas,Contact 58,24,13/03/2014,contact.142@hotmail.fr,602030462
Yves,Contact 59,79,15/03/2014,contact.143@gmail.com,602030463
Jean,Contact 60,18,07/01/2014,contact.144@gmail.com,602030464
Claude,Contact 61,8,18/05/2015,contact.145@wanadou.fr,602030465
Claudie,Contact 62,13,03/02/2015,contact.146@gmail.com,602030466
Robert,Contact 63,92,03/09/2013,contact.147@gmail.com,602030467
Hugues,Contact 64,74,22/02/2015,contact.148@gmal.com,602030468
Cyril,Contact 66,26,14/09/2014,contact.149@free.fr,602030470
Alice,Contact 76,66,28/01/2013,contact.15@gmail.com,602030480
Nadia,Contact 67,24,02/04/2013,contact.150@hotmail.com,602030471
Rolande,Contact 68,15,11/10/2014,contact.151@wanadoo.fr,602030472
Sandrine,Contact 69,60,15/04/2015,contact.152@wanadoo.fr,602030473
Elisabeth,Contact 70,76,27/07/2013,contact.153@gmail.com,602030474
Lydie,Contact 71,44,15/10/2013,contact.154@hotmail.com,602030475
Karine,Contact 72,30,14/09/2015,contact.155@hotmail.fr,602030476
Carole,Contact 73,86,28/12/2013,contact.156@hotmail.com,602030477
E-ric,Contact 74,8,25/06/2013,contact.157@hotmail.com,602030478
Olivier,Contact 75,53,27/10/2014,contact.158@gmail.com,602030479
Pierre,Contact 77,95,28/08/2014,contact.159@gmail.com,602030481
Claudie,Contact 87,90,04/05/2014,contact.16@gmail.com,602030491
Patrick,Contact 78,57,21/06/2013,contact.160@gmail.com,602030482
Lisa,Contact 79,60,28/06/2013,contact.161@hotmail.com,602030483
Marión,Contact 80,66,13/05/2013,contact.162@wanadoo.fr,602030484
Philippe,Contact 81,58,10/01/2015,contact.163@hotmail.com,602030485
Valérie,Contact 82,19,26/02/2015,contact.164@hotmail.fr,602030486
Thomas,Contact 83,53,26/12/2013,contact.165@tiscali.fr,602030487
Yves,Contact 84,52,24/03/2015,contact.166@tiscali.fr,602030488
Jean,Contact 85,26,12/04/2015,contact.167@wanadoo.fr,602030489
Claude,Contact 86,49,27/08/2015,contact.168@free.fr,602030490
Robert,Contact 88,18,12/02/2014,contact.169@gmal.com,602030492
Carole,Contact 98,10,04/05/2013,contact.17@hotmail.fr,602030502
Alice,Contact 151,8,17/03/2013,contact.227@free.fr,602030555
Hugues,Contact 89,64,22/12/2015,contact.170@hotmail.com,602030493
Nathalie,Contact 90,93,15/05/2015,contact.171@wanadou.fr,602030494
Cyril,Contact 91,9,12/04/2013,contact.172@free.fr,602030495
Nadia,Contact 92,87,26/06/2013,contact.173@gmal.com,602030496
Rolande,Contact 93,88,21/09/2015,contact.174@gmal.com,602030497
Sandrine,Contact 94,31,26/07/2013,contact.175@wanadou.fr,602030498
Elisabeth,Contact 95,77,20/01/2013,contact.176@wanadou.fr,602030499
Lydie,Contact 96,Non,15/08/2014,contact.177@wanadou.fr,602030500
Karine,Contact 97,9,24/07/2014,contact.178@gmail.com,602030501
Eric,Contact 99,72,16/03/2013,contact.179@free.fr,602030503
Yves,Contact 109,37,05/03/2013,contact.18@gmal.com,602030513
Olivier,Contact 100,95,06/10/2014,contact.180@wanadoo.fr,602030504
Alice,Contact 101,39,28/03/2015,contact.181@wanadoo.fr,602030505
Pierre,Contact 102,2,04/05/2013,contact.182@hotmail.fr,602030506
Patrick,Contact 103,57,16/02/2015,contact.183@wanadou.fr,"1,79769313486232E+308"
Lisa,Contact 104,92,28/01/2015,contact.184@hotmail.fr,602030508
Marion,Contact 105,6,11/06/2014,contact.185@gmail.com,602030509
Philippe,Contact 106,85,21/11/2015,contact.186@hotmail.com,602030510
Valérie,Contact 107,27,20/07/2013,contact.187@gmail.com,602030511
Thomas,Contact 108,92,06/08/2015,contact.188@gmail.com,602030512
Jean,Contact 110,94,07/09/2015,contact.189@gmail.com,602030514
Elisabeth,Contact 120,62,20/07/2014,contact.19@tiscali.fr,602030524
Claude,Contact 111,39,04/09/2014,contact.190@hotmail.com,602030515
Claudie,Contact 112,41,22/10/2014,contact.191@gmal.com,602030516
Robert,Contact 113,55,11/12/2014,contact.192@hotmail.fr,602030517
Hugues,Contact 114,89,14/11/2014,contact.193@tiscali.fr,602030518
Nathalie,Contact 115,61,13/02/2014,contact.194@gmail.com,602030519
Cyril,Contact 116,59,06/02/2015,contact.195@free.fr,602030520
Nadia,Contact 117,91,21/10/2015,contact.196@free.fr,602030521
Rolande,Contact 118,45,14/09/2013,contact.197@hotmail.com,602030522
Sandrine,Contact 119,17,26/04/2015,contact.198@hotmail.com,602030523
Lydie,Contact 121,6,01/09/2013,contact.199@gmail.com,602030525
Philippe,Contact 131,20,02/02/2015,contact.20@gmail.com,602030535
Karine,Contact 122,82,28/01/2015,contact.200@wanadou.fr,602030526
Carole,Contact 123,90,21/12/2015,contact.201@wanadoo.fr,602030527
Eric,Contact 124,85,25/03/2014,contact.202@gmail.com,602030528
Olivier,Contact 125,53,25/12/2014,contact.203@tiscali.fr,602030529
Alice,Contact 126,46,21/11/2015,contact.204@wanadou.fr,602030530
Pierre,Contact 127,23,14/09/2014,contact.205@gmail.com,602030531
Patrick,Contact 128,60,07/01/2013,contact.206@gmal.com,602030532
Lisa,Contact 129,90,04/07/2015,contact.207@gmal.com,602030533
Marion,Contact 130,86,02/02/2014,contact.208@gmail.com,602030534
Valérie,Contact 132,88,09/04/2014,contact.209@gmail.com,602030536
Nadia,Contact 142,30,23/03/2013,contact.21@wanadou.fr,602030546
Thomas,Contact 133,19,20/08/2014,contact.210@gmail.com,602030537
Yves,Contact 134,88,18/01/2014,contact.211@gmail.com,602030538
Jean,Contact 135,65,08/05/2015,contact.212@wanadoo.fr,602030539
Claude,Contact 136,27,10/04/2013,contact.213@gmail.com,602030540
Claudie,Contact 137,71,26/03/2014,contact.214@gmail.com,602030541
Robert,Contact 138,Non,26/12/2015,contact.215@gmal.com,602030542
Hugues,Contact 139,11,17/08/2014,contact.216@gmal.com,602030543
Nathalie,Contact 140,68,27/09/2014,contact.217@tiscali.fr,602030544
Cyril,Contact 141,75,13/07/2014,contact.218@wanadoo.fr,602030545
Rolande,Contact 143,24,01/11/2015,contact.219@wanadou.fr,602030547
Patrick,Contact 153,76,01/08/2013,contact.22@gmail.com,602030557
Sandrine,Contact 144,16,15/04/2014,contact.220@wanadoo.fr,602030548
Elisabeth,Contact 145,41,20/01/2013,contact.221@wanadou.fr,602030549
Lydie,Contact 146,75,21/09/2013,contact.222@hotmail.com,602030550
Karine,Contact 147,42,03/08/2014,contact.223@gmail.com,602030551
Carole,Contact 148,80,22/04/2015,contact.224@gmail.com,602030552
Eric,Contact 149,64,15/03/2014,contact.225@gmail.com,602030553
Olivier,Contact 150,94,28/04/2015,contact.226@hotmail.fr,602030554
Alice,Contact 151,8,17/03/2013,contact.227@free.fr,602030555
Pierre,Contact 152,50,28/05/2015,contact.228@hotmail.fr,602030556
Lisa,Contact 154,35,28/07/2013,contact.229@gmal.com,602030558
Hugues,Contact 164,5,08/04/2013,contact.23@gmail.com,602030568
Marion,Contact 155,55,04/05/2013,contact.230@wanadoo.fr,602030559
Philippe,Contact 156,88,24/09/2014,contact.231@gmail.com,602030560
Valérie,Contact 157,54,21/03/2015,contact.232@gmail.com,602030561
Thomas,Contact 158,86,04/04/2013,contact.233@gmal.com,602030562
Yves,Contact 159,24,02/11/2014,contact.234@hotmail.com,602030563
Jean,Contact 160,74,25/07/2014,contact.235@tiscali.fr,602030564
Claude,Contact 161,60,21/08/2014,contact.236@hotmail,602030565
Claudie,Contact 162,58,28/11/2013,contact.237@hotmail.fr,602030566
Robert,Contact 163,41,06/06/2013,contact.238@tiscali.fr,602030567
Nathalie,Contact 165,47,07/04/2014,contact.239@wanadoo.fr,602030569
Olivier,Contact 175,87,25/05/2014,contact.24@gmail.com,602030579
Cyril,Contact 166,85,19/02/2013,contact.240@wanadoo.fr,602030570
Nadia,Contact 167,13,27/02/2013,contact.241@hotmail.fr,602030571
Rolande,Contact 168,39,22/12/2013,contact.242@wanadoo.fr,602030572
Sandrine,Contact 169,83,12/08/2013,contact.243@tiscali.fr,602030573
Elisabeth,Contact 170,18,03/09/2015,contact.244@gmal.com,602030574
Lydie,Contact 171,37,14/09/2013,contact.245@wanadou.fr,602030575
Karine,Contact 172,27,18/08/2015,contact.246@khkjkjhkjs.fr,602030576
Carole,Contact 173,54,05/07/2013,contact.247@wanadoo.fr,602030577
Eric,Contact 174,73,21/05/2015,contact.248@gmail.com,602030578
Alice,Contact 176,85,13/12/2014,contact.249@wanadou.fr,602030580
Claude,Contact 186,91,08/04/2013,contact.25@hotmail.fr,602030590
Pierre,Contact 177,36,03/01/2014,contact.250@hotmail.com,602030581
Patrick,Contact 178,22,06/09/2013,contact.251@gmal.com,602030582
Lisa,Contact 179,8,03/12/2014,contact.252@hotmail.fr,602030583
Marion,Contact 180,49,16/08/2013,"contact.253,gmail.com",602030584
Philippe,Contact 181,47,13/12/2014,contact.254@wanadoo.fr,602030585
Valérie,Contact 182,59,10/01/2014,contact.255@tiscali.fr,602030586
Thomas,Contact 183,72,02/09/2014,contact.256@gmail.com,602030587
Yves,Contact 184,81,16/09/2013,contact.257@free.fr,602030588
Jean,Contact 185,89,10/04/2015,contact.258@gmail.com,602030589
Claudie,Contact 187,88,25/10/2013,contact.259@hotmail.fr,60203O591
Karine,Contact 197,33,06/05/2014,contact.26@hotmail.com,602030601
Robert,Contact 188,19,19/11/2013,contact.260@hotmail.com,602030592
Hugues,Contact 189,71,25/12/2014,contact.261@gmal.com,602030593
Nathalie,Contact 190,74,19/03/2015,contact.262@gmail.com,602030594
Cyril,Contact 191,25,07/04/2014,contact.263@wanadou.fr,602030595
Nadia,Contact 192,5,12/06/2015,contact.264@wanadoo.fr,602030596
Rolande,Contact 193,33,12/06/2015,contact.265@tiscali.fr,602030597
Sandrine,Contact 194,22,17/04/2015,contact.266@tiscali.fr,602030598
Elisabeth,Contact 195,84,27/07/2014,contact.267@free.fr,602030599
Lydie,Contact 196,15,11/04/2013,contact.268@hotmail.fr,602030600
Carole,Contact 198,42,02/07/2013,contact.269@gmail.com,602030602
Thomas,Contact 208,77,22/02/2013,contact.27@tiscali.fr,602030612
Eric,Contact 199,32,15/09/2014,contact.270@gmail.com,602030603
Olivier,Contact 200,12,24/03/2015,contact.271@gmail.com,602030604
Alice,Contact 201,53,26/06/2015,contact.272@tiscali.fr,602030605
Pierre,Contact 202,12,24/08/2015,,602030606
Patrick,Contact 203,83,21/04/2015,contact.274@free.fr,602030607
Lisa,Contact 204,75,12/06/2015,contact.275@gmail.com,602030608
Marion,Contact 205,7,20/06/2013,contact.276@gmal.com,602030609
Philippe,Contact 206,93,21/04/2013,contact.277@hotmail.com,602030610
Valérie,Contact 207,66,10/09/2015,contact.278@gmail.com,602030611
Yves,Contact 209,81,26/06/2014,contact.279@gmal.com,602030613
Sandrine,Contact 219,49,20/07/2013,contact.28@gmail.com,602030623
Jean,Contact 210,1,09/02/2015,contact.280@hotmail.fr,602030614
Claude,Contact 211,65,04/08/2015,contact.281@gmail.com,602030615
Claudie,Contact 212,95,24/11/2014,contact.282@gmail.com,602030616
Robert,Contact 213,48,23/10/2014,contact.283@gmail.com,602030617
Hugues,Contact 214,25,09/05/2015,contact.284@wanadoo.fr,602030618
Nathalie,Contact 215,53,14/08/2015,contact.285@gmal.com,602030619
Cyril,Contact 216,59,17/12/2014,contact.286@hotmail.com,602030620
Nadia,Contact 217,85,15/06/2013,contact.287@hotmail.com,602030621
Rolande,Contact 218,75,08/11/2015,contact.288@tiscali.fr,602030622
Elisabeth,Contact 220,66,15/04/2013,contact.289@hotmail.com,602030624
Marion,Contact 230,32,26/06/2013,contact.29@hotmail.com,602030634
Lydie,Contact 221,12,01/05/2015,contact.290@gmail.com,602030625
Karine,Contact 222,89,26/05/2013,contact.291@hotmail.fr,602030626
Carole,Contact 223,68,18/10/2015,contact.292@gmal.com,602030627
Eric,Contact 224,63,03/06/2015,contact.293@wanadou.fr,602030628
Olivier,Contact 225,20,03/11/2013,contact.294@gmail.com,602030629
Alice,Contact 226,25,17/04/2014,contact.295@free.fr,602030630
Pierre,Contact 227,76,25/02/2013,contact.296@wanadou.fr,602030631
Patrick,Contact 228,57,11/04/2013,contact.297@tiscali.fr,602030632
Lisa,Contact 229,89,28/02/2015,contact.298@hotmail.com,602030633
Philippe,Contact 231,9,25/12/2015,contact.299@wanadoo.fr,602030635
Cyril,Contact 241,36,11/12/2014,contact.30@wanadou.fr,602030645
Valérie,Contact 232,24,06/02/2015,contact.300@wanadou.fr,602030636
Thomas,Contact 233,36,20/12/2014,contact.301@tiscali.fr,602030637
Yves,Contact 234,8,24/01/2013,contact.302@gmail.com,602030638
Jean,Contact 235,55,20/10/2013,contact.303@gmal.com,602030639
Claude,Contact 236,23,15/06/2015,contact.304@hotmail.com,602030640
Claudie,Contact 237,40,01/05/2015,contact.305@gmail.com,602030641
Robert,Contact 238,68,10/04/2014,contact.306@wanadoo.fr,602030642
Hugues,Contact 239,58,28/06/2014,contact.307@hotmail.fr,602030643
Nathalie,Contact 240,23,23/09/2015,contact.308@gmail.com,602030644
Nadia,Contact 242,10,26/02/2013,contact.309@hotmail.fr,602030646
Pierre,Contact 252,79,06/03/2013,contact.31@gmail.com,602030656
Rolande,Contact 243,41,06/12/2015,contact.310@hotmail.com,602030647
Sandrine,Contact 244,75,16/02/2013,contact.311@gmail.com,602030648
Elisabeth,Contact 245,34,14/03/2015,contact.312@gmail.com,602030649
Lydie,Contact 246,54,20/08/2013,contact.313@gmail.com,602030650
Karine,Contact 247,21,12/08/2014,contact.314@tiscali.fr,602030651
Carole,Contact 248,25,01/10/2015,contact.315@wanadou.fr,602030652
Eric,Contact 249,38,19/05/2014,contact.316@hotmail.com,602030653
Olivier,Contact 250,53,05/01/2014,contact.317@free.fr,602030654
Alice,Contact 251,58,12/05/2015,contact.318@free.fr,602030655
Patrick,Contact 253,10,13/08/2013,contact.319@free.fr,602030657
Robert,Contact 263,21,12/02/2015,contact.32@gmal.com,602030667
Lisa,Contact 254,30,25/07/2013,contact.320@gmal.com,602030658
Marion,Contact 255,24,16/11/2015,contact.321@gmal.com,602030659
Philippe,Contact 256,87,08/07/2013,contact.322@free.fr,602030660
Valérie,Contact 257,18,25/06/2015,contact.323@hotmail.com,602030661
Thomas,Contact 258,88,03/03/2013,contact.324@hotmail.com,602030662
Yves,Contact 259,35,14/05/2015,contact.325@hotmail.com,602030663
Jean,Contact 260,72,23/03/2014,contact.326@wanadou.fr,602030664
Claude,Contact 261,17,19/07/2015,contact.327@hotmail.fr,602030665
Claudie,Contact 262,14,14/04/2013,contact.328@gmail.com,602030666
Hugues,Contact 264,53,23/07/2014,contact.329@free.fr,602030668
Eric,Contact 274,24,26/04/2014,contact.33@gmail.com,602030678
Nathalie,Contact 265,3,25/06/2014,contact.330@wanadoo.fr,602030669
Cyril,Contact 266,94,14/11/2014,contact.331@gmal.com,602030670
Nadia,Contact 267,67,27/01/2015,contact.332@free.fr,602030671
Rolande,Contact 268,74,26/10/2013,contact.333@gmal.com,602030672
Sandrine,Contact 269,28,24/12/2015,contact.334@hotmail.com,602030673
Elisabeth,Contact 270,95,02/10/2015,contact.335@hotmail.com,602030674
Lydie,Contact 271,83,17/01/2014,contact.336@tiscali.fr,602030675
Karine,Contact 272,46,25/11/2013,contact.337@wanadoo.fr,602030676
Carole,Contact 273,37,03/08/2014,contact.338@gmail.com,602030677
Olivier,Contact 275,31,16/07/2015,contact.339@hotmail.com,602030679
Jean,Contact 285,46,11/06/2013,contact.34@hotmail.fr,602030689
Alice,Contact 276,46,15/11/2013,contact.340@tiscali.fr,602030680
Pierre,Contact 277,32,18/12/2015,contact.341@free.fr,602030681
Patrick,Contact 278,93,25/08/2013,contact.342@wanadou.fr,602030682
Lisa,Contact 279,19,21/09/2015,contact.343@wanadoo.fr,602030683
Marion,Contact 280,55,04/11/2014,contact.344@free.fr,602030684
Philippe,Contact 281,78,12/07/2014,contact.345@tiscali.fr,602030685
Valérie,Contact 282,14,26/06/2014,contact.346@free.fr,602030686
Thomas,Contact 283,45,03/09/2013,contact.347@hotmail.fr,602030687
Yves,Contact 284,28,17/02/2015,contact.348@wanadou.fr,602030688
Claude,Contact 286,15,06/06/2014,contact.349@gmal.com,602030690
Lydie,Contact 296,80,19/10/2013,contact.35@gmail.com,602030700
Claudie,Contact 287,47,27/05/2015,contact.350@wanadou.fr,602030691
Robert,Contact 288,40,10/12/2014,contact.351@wanadoo.fr,602030692
Hugues,Contact 289,88,11/10/2015,contact.352@hotmail.com,602030693
Nathalie,Contact 290,62,25/11/2014,contact.353@hotmail.fr,602030694
Cyril,Contact 291,90,13/10/2014,contact.354@free.fr,602030695
Nadia,Contact 292,17,10/01/2015,contact.355@wanadoo.fr,602030696
Rolande,Contact 293,66,17/07/2014,contact.356@hotmail.com,602030697
Sandrine,Contact 294,60,27/08/2015,contact.357@hotmail.fr,602030698
Elisabeth,Contact 295,88,10/12/2014,contact.358@wanadou.fr,602030699
Karine,Contact 297,56,02/03/2015,contact.359@free.fr,602030701
Valérie,Contact 307,61,08/05/2013,contact.36@hotmail.com,602030711
Carole,Contact 298,37,27/08/2013,contact.360@gmal.com,602030702
Eric,Contact 299,95,21/06/2014,contact.361@gmail.com,602030703
Olivier,Contact 300,26,22/11/2015,contact.362@wanadoo.fr,602030704
Alice,Contact 301,18,21/11/2013,contact.363@gmail.com,602030705
Pierre,Contact 302,83,12/08/2014,contact.364@gmail.com,602030706
Patrick,Contact 303,88,27/12/2014,contact.365@hotmail.fr,602030707
Lisa,Contact 304,6,17/09/2015,contact.366@gmail.com,602030708
Marion,Contact 305,90,08/04/2014,contact.367@gmail.com,602030709
Philippe,Contact 306,5,23/02/2015,contact.368@hotmail.fr,602030710
Thomas,Contact 308,47,23/04/2013,contact.369@wanadoo.fr,602030712
Rolande,Contact 318,15,07/01/2014,contact.37@tiscali.fr,602030722
Yves,Contact 309,15,07/07/2013,contact.370@gmail.com,602030713
Jean,Contact 310,67,22/11/2013,contact.371@gmail.com,602030714
Claude,Contact 311,74,26/06/2015,contact.372@gmail.com,602030715
Claudie,Contact 312,26,08/06/2015,contact.373@wanadou.fr,602030716
Robert,Contact 313,12,18/12/2015,contact.374@gmal.com,602030717
Hugues,Contact 314,18,01/09/2013,contact.375@free.fr,602030718
Nathalie,Contact 315,67,28/03/2014,contact.376@hotmail.com,602030719
Cyril,Contact 316,3,03/05/2013,contact.377@hotmail.com,602030720
Nadia,Contact 317,33,24/07/2013,contact.378@hotmail.com,602030721
Sandrine,Contact 319,79,04/09/2013,contact.379@tiscali.fr,602030723
Lisa,Contact 329,48,27/06/2014,contact.38@tiscali.fr,602030733
Elisabeth,Contact 320,4,21/09/2015,contact.380@hotmail.fr,602030724
Lydie,Contact 321,17,13/04/2013,contact.381@gmail.com,602030725
Karine,Contact 322,43,27/11/2015,contact.382@wanadou.fr,602030726
Carole,Contact 323,22,06/09/2014,contact.383@wanadou.fr,602030727
Eric,Contact 324,64,26/01/2015,contact.384@hotmail.fr,602030728
Olivier,Contact 325,45,02/07/2013,contact.385@tiscali.fr,602030729
Alice,Contact 326,79,28/06/2015,contact.386@wanadou.fr,602030730
Pierre,Contact 327,5,18/04/2013,contact.387@gmail.com,602030731
Patrick,Contact 328,64,19/12/2015,contact.388@free.fr,602030732
Marion,Contact 330,49,16/01/2014,contact.389@gmail.com,602030734
Nathalie,Contact 340,77,03/05/2015,contact.39@free.fr,602030744
Philippe,Contact 331,25,21/08/2013,contact.390@tiscali.fr,602030735
Valérie,Contact 332,95,08/08/2013,contact.391@wanadou.fr,602030736
Thomas,Contact 333,45,01/03/2013,contact.392@tiscali.fr,602030737
Yves,Contact 334,22,08/01/2015,contact.393@gmail.com,602030738
Jean,Contact 335,48,17/05/2015,contact.394@gmail.com,602030739
Claude,Contact 336,14,16/10/2013,contact.395@gmail.com,602030740
Claudie,Contact 337,17,24/06/2014,contact.396@hotmail.com,602030741
Robert,Contact 338,73,28/11/2013,contact.397@hotmail.com,602030742
Hugues,Contact 339,55,10/04/2014,contact.398@hotmail.com,602030743
Cyril,Contact 341,85,11/11/2014,contact.399@gmail.com,602030745
Alice,Contact 351,76,28/06/2013,contact.40@gmal.com,602030755
Nadia,Contact 342,7,23/09/2014,contact.400@gmail.com,602030746
Rolande,Contact 343,3,28/06/2013,contact.401@gmail.com,602030747
Sandrine,Contact 344,5,22/08/2013,contact.402@free.fr,602030748
Elisabeth,Contact 345,59,24/08/2013,contact.403@htomail.com,602030749
Lydie,Contact 346,11,09/08/2015,contact.404@hotmail.fr,602030750
Karine,Contact 347,70,08/05/2013,contact.405@hotmail.com,602030751
Carole,Contact 348,6,21/05/2015,contact.406@hotmail.com,602030752
Eric,Contact 349,14,03/08/2015,contact.407@gmail.com,602030753
Olivier,Contact 350,1,24/03/2015,contact.408@gmail.com,602030754
Pierre,Contact 352,65,19/02/2014,contact.409@free.fr,602030756
Claudie,Contact 362,26,26/11/2013,contact.41@wanadou.fr,602030766
Patrick,Contact 353,8,02/11/2015,contact.410@gmail.com,602030757
Lisa,Contact 354,93,22/02/2015,contact.411@free.fr,602030758
Marion,Contact 355,71,22/08/2015,contact.412@hotmail.com,602030759
Philippe,Contact 356,29,07/12/2013,contact.413@gmail.com,602030760
Valérie,Contact 357,50,26/10/2014,contact.414@wanadou.fr,602030761
Thomas,Contact 358,40,10/12/2013,contact.415@gmail.com,602030762
Yves,Contact 359,63,06/02/2014,contact.416@wanadoo.fr,602030763
Jean,Contact 360,5,19/09/2013,contact.417@hotmail.com,602030764
Claude,Contact 361,9,11/02/2014,contact.418@hotmail.com,602030765
Robert,Contact 363,77,26/11/2014,contact.419@gmail.com,602030767
Carole,Contact 373,27,27/01/2013,contact.42@htomail.com,602030777
Hugues,Contact 364,64,02/12/2014,contact.420@gmail.com,602030768
Nathalie,Contact 365,85,13/10/2015,contact.421@htomail.com,602030769
Cyril,Contact 366,53,24/08/2014,contact.422@gmail.com,602030770
Nadia,Contact 367,37,21/04/2014,contact.423@htomail.com,602030771
Rolande,Contact 368,16,16/05/2014,contact.424@wanadou.fr,602030772
Sandrine,Contact 369,44,05/12/2013,contact.425@htomail.com,602030773
Elisabeth,Contact 370,6,23/08/2014,contact.426@gmail.com,602030774
Lydie,Contact 371,51,25/04/2014,contact.427@tiscali.fr,602030775
Karine,Contact 372,70,17/11/2014,contact.428@hotmail.com,602030776
Eric,Contact 374,9,18/03/2014,contact.429@hotmail.com,602030778
Patrick,Contact 374,56,09/11/2014,contact.429@hotmail.com,602030807
Yves,Contact 384,43,11/01/2013,contact.43@gmail.com,602030788
Olivier,Contact 375,47,02/08/2014,contact.430@wanadoo.fr,602030779
Alice,Contact 376,47,26/07/2013,contact.431@tiscali.fr,602030780
Pierre,Contact 377,17,23/09/2015,contact.432@free.fr,602030781
Patrick,Contact 378,50,16/05/2015,contact.433@gmail.com,602030782
Lisa,Contact 379,34,13/11/2015,contact.434@gmail.com,602030783
Marion,Contact 380,37,04/03/2013,contact.435@free.fr,602030784
Philippe,Contact 381,23,11/06/2015,contact.436@gmail.com,602030785
Valérie,Contact 382,61,14/09/2015,contact.437@wanadoo.fr,602030786
Thomas,Contact 383,42,18/07/2014,contact.438@hotmail.fr,602030787
Jean,Contact 385,77,17/06/2015,contact.439@hotmail.com,602030789
Elisabeth,Contact 395,56,22/07/2015,contact.44@hotmail.com,602030799
Claude,Contact 386,18,28/06/2013,contact.440@wanadoo.fr,602030790
Claudie,Contact 387,33,04/05/2015,contact.441@hotmail.com,602030791
Pierre,Contact 387,8,17/01/2014,contact.441@hotmail.com,602030806
Robert,Contact 388,23,08/06/2013,contact.442@hotmail.com,602030792
Hugues,Contact 389,86,20/12/2013,contact.443@free.fr,602030793
Nathalie,Contact 390,44,02/04/2014,contact.444@free.fr,602030794
Cyril,Contact 391,4,20/08/2015,contact.445@hotmail.com,602030795
Nadia,Contact 392,2,06/06/2014,contact.446@gmail.com,602030796
Rolande,Contact 393,81,19/02/2015,contact.447@gmail.com,602030797
Sandrine,Contact 394,12,24/06/2013,contact.448@wanadoo.fr,602030798
Lydie,Contact 396,93,23/12/2014,contact.449@tiscali.fr,602030800
Karine,Contact 397,77,08/10/2015,contact.450@htomail.com,602030801
Carole,Contact 398,27,13/06/2014,contact.451@32121fff.fr,602030802
Eric,Contact 399,27,12/12/2015,contact.452@tiscali.fr,602030803
Olivier,Contact 400,43,01/08/2013,contact.453@wanadoo.fr,602030804
Claude,Contact 11,24,19/11/2013,contact.99@gmail.com,602030415
